{"cameraMode":{"drawMode":0,"name":"Shaded","section":"Shading Mode"},"sceneLighting":true,"audioPlay":false,"sceneViewState":{"m_AlwaysRefresh":false,"showFog":true,"showSkybox":false,"showFlares":true,"showImageEffects":true,"showParticleSystems":true,"showVisualEffectGraphs":true,"m_FxEnabled":true},"in2DMode":false,"pivot":{"x":0.28824055194854739,"y":1.0492181777954102,"z":1.239557147026062},"rotation":{"x":-0.0009140084148384631,"y":-0.9974688291549683,"z":0.07014673948287964,"w":-0.01286129467189312},"size":0.22460448741912843,"orthographic":false}