{"cameraMode":{"drawMode":0,"name":"Shaded","section":"Shading Mode"},"sceneLighting":true,"audioPlay":false,"sceneViewState":{"m_AlwaysRefresh":true,"showFog":true,"showSkybox":true,"showFlares":true,"showImageEffects":true,"showParticleSystems":true,"showVisualEffectGraphs":true,"m_FxEnabled":true},"in2DMode":false,"pivot":{"x":2.5262601375579836,"y":0.8936243653297424,"z":1.5519742965698243},"rotation":{"x":-0.20292329788208009,"y":-0.05145590379834175,"z":0.010620729066431523,"w":-0.9778723120689392},"size":1.247334361076355,"orthographic":false}