{"cameraMode":{"drawMode":0,"name":"Shaded","section":"Shading Mode"},"sceneLighting":true,"audioPlay":false,"sceneViewState":{"m_AlwaysRefresh":false,"showFog":true,"showSkybox":false,"showFlares":true,"showImageEffects":true,"showParticleSystems":true,"showVisualEffectGraphs":true,"m_FxEnabled":true},"in2DMode":false,"pivot":{"x":-0.35099291801452639,"y":-0.49269962310791018,"z":0.43778038024902346},"rotation":{"x":0.30081483721733096,"y":-0.2590683400630951,"z":0.08537986129522324,"w":0.9139354825019836},"size":5.168159008026123,"orthographic":false}